text,date,likes
"–ü—Ä–æ–∑–æ—Ä—ñ—Å—Ç—å –∑—Ä–æ—Å–ª–∞, –∞–ª–µ –ø—Ä–æ–±–ª–µ–º –∑ –∫–æ–Ω—Ç—Ä–æ–ª–µ–º —ñ –ª–æ–∫–∞–ª—ñ–∑–∞—Ü—ñ—î—é –Ω–µ –º–µ–Ω—à–∞—î. –©–æ –≤—ñ–¥–±—É–≤–∞—î—Ç—å—Å—è —ñ–∑ –¥–µ—Ä–∂–∞–≤–Ω–∏–º–∏ –∑–∞–∫—É–ø—ñ–≤–ª—è–º–∏ ‚Äî –ø–æ—è—Å–Ω—é—î –ö–∞—Ç–µ—Ä–∏–Ω–∞ –†—É—Å—ñ–Ω–∞.

#–£–∫—Ä–∞—ó–Ω–∞ #—Ä–µ—Ñ–æ—Ä–º–∏ #ProZorro
https://t.co/K2KEa2qHdi",2025-05-27 10:26:14+00:00,0
"üá©üá™–ö–∞–Ω—Ü–ª–µ—Ä –ù—ñ–º–µ—á—á–∏–Ω–∏ @_FriedrichMerz –ø–æ—è—Å–Ω–∏–≤ —Å–≤–æ—é –∑–∞—è–≤—É –ø—Ä–æ —Å–∫–∞—Å—É–≤–∞–Ω–Ω—è –ª—ñ–º—ñ—Ç—É –¥–ª—è –£–∫—Ä–∞—ó–Ω–∏ –Ω–∞ –¥–∞–ª—å–Ω—ñ—Å—Ç—å —É–¥–∞—Ä—ñ–≤ –ø–æ –†–æ—Å—ñ—ó:

https://t.co/oesPNCPkWa

#–ù—ñ–º–µ—á—á–∏–Ω–∞ #–£–∫—Ä–∞—ó–Ω–∞ #–≤—ñ–π–Ω–∞ #Germany #Ukraine #war",2025-05-27 10:24:20+00:00,0
"RT @Finnlly: 27.05.2025 08:15 –î–µ–Ω—å #1189
–ì—Ä–µ–º: –º–∏ –≥–æ—Ç–æ–≤—ñ –≤–≤–µ—Å—Ç–∏ 500% –º–∏—Ç–æ –Ω–∞ –∫—Ä–∞—ó–Ω–∏, —â–æ –∫—É–ø—É—é—Ç—å –º–æ—Å–∫–æ–≤—Å—å–∫—ñ –µ–Ω–µ—Ä–≥–æ–Ω–æ—Å—ñ—ó, –∑—Ä–æ–±–∏–≤—à–∏ –∑ —Ä—Ñ –æ—Å—Ç—Ä—ñ‚Ä¶",2025-05-27 10:18:38+00:00,0
"RT @zn_ua: –¢–∞–∫–µ —Ä—ñ—à–µ–Ω–Ω—è –º–æ–∂–µ —Å—É—Ç—Ç—î–≤–æ –∑–º—ñ–Ω–∏—Ç–∏ —Ö—ñ–¥ –≤—ñ–π–Ω–∏ —Ç–∞ –ø–æ—Å–∏–ª–∏—Ç–∏ —Ç–∏—Å–∫ –Ω–∞ –ö—Ä–µ–º–ª—å.

#–Ω–æ–≤–∏–Ω–∏ #—Ç—Ä–∞–º–ø #—É–∫—Ä–∞—ó–Ω–∞ #–≤—ñ–π–Ω–∞ #–∑–∞—Ö—ñ–¥–Ω–∞–∑–±—Ä–æ—è

https://t‚Ä¶",2025-05-27 10:16:28+00:00,0
"ü•á –ê–Ω–≥–µ–ª—ñ–Ω–∞ –ì—É–∑–∏–∫ –∑ –•–µ—Ä—Å–æ–Ω–∞ –∑–¥–æ–±—É–ª–∞ –∑–æ–ª–æ—Ç–æ –Ω–∞ —á–µ–º–ø—ñ–æ–Ω–∞—Ç—ñ –ù—ñ–º–µ—á—á–∏–Ω–∏ –∑ –±–æ–∫—Å—É —Å–µ—Ä–µ–¥ –∂—ñ–Ω–æ–∫ –¥–æ 19 —Ä–æ–∫—ñ–≤ —É –∫–∞—Ç–µ–≥–æ—Ä—ñ—ó –¥–æ 54 –∫–≥. –ó–º–∞–≥–∞–Ω–Ω—è –ø—Ä–æ—Ö–æ–¥–∏–ª–∏ –∑ 20 –ø–æ 23 —Ç—Ä–∞–≤–Ω—è –≤ –í—ñ—Å–º–∞—Ä—ñ. #–ë–æ–∫—Å #–°–ø–æ—Ä—Ç #–£–∫—Ä–∞—ó–Ω–∞ #–ü–µ—Ä–µ–º–æ–≥–∞
 https://t.co/dSUXQ4v7sH",2025-05-27 10:15:05+00:00,0
"üî¥ –¢–∞—Ç—å—è–Ω–∞ –ú–æ–Ω—Ç—è–Ω: ¬´–ö–∏–µ–≤—É –¥–∞–ª–∏ –∑–µ–ª–µ–Ω—ã–π —Å–≤–µ—Ç¬ª: —Å–∫–æ—Ä–æ –±–æ–º–±—ã –±—É–¥—É—Ç –ª–µ—Ç–µ—Ç—å —Å –±–æ–ª—å—à–∏–º —Ä–∞–∑–º–∞—Ö–æ–º

üëâ –ü–æ–¥—Ä–æ–±–Ω–æ—Å—Ç–∏: https://t.co/uhyN63PiEs

@golos_eu

#—É–∫—Ä–∞–∏–Ω–∞ #—Ä–æ—Å—Å–∏—è #–ø–æ–ª–∏—Ç–∏–∫–∞ #ukraine #russia #—É–∫—Ä–∞–∏–Ω–∞—Ä–æ—Å—Å–∏—è #zelensky #putin #ukrainerussianwar #—É–∫—Ä–∞—ó–Ω–∞ #—Ä–æ—Å—ñ—è",2025-05-27 10:08:05+00:00,0
"RT @es_luhanshchyny: ‚ùó–ü–µ—Ä–µ–¥–∞–ª–∏ –ó–°–£ Mercedes, —è–∫–∏–π –±—É–¥–µ –∑–∞—Ä—è–¥–∂–∞—Ç–∏ —Ç–∞–Ω–∫–∏

#—É–∫—Ä–∞—ó–Ω–∞ #–≤—ñ–π–Ω–∞ #–Ω–æ–≤–∏–Ω–∏ #–¥–æ–ø–æ–º–æ–≥–∞ #–ø–ø #—î—Å #–ø–æ—Ä–æ—à–µ–Ω–∫–æ #–ø–µ—Ç—Ä–æ–ø–æ—Ä–æ—à–µ–Ω–∫‚Ä¶",2025-05-27 10:06:34+00:00,0
"RT @es_luhanshchyny: ‚ùó–ü–µ—Ä–µ–¥–∞–ª–∏ –ó–°–£ Mercedes, —è–∫–∏–π –±—É–¥–µ –∑–∞—Ä—è–¥–∂–∞—Ç–∏ —Ç–∞–Ω–∫–∏

#—É–∫—Ä–∞—ó–Ω–∞ #–≤—ñ–π–Ω–∞ #–Ω–æ–≤–∏–Ω–∏ #–¥–æ–ø–æ–º–æ–≥–∞ #–ø–ø #—î—Å #–ø–æ—Ä–æ—à–µ–Ω–∫–æ #–ø–µ—Ç—Ä–æ–ø–æ—Ä–æ—à–µ–Ω–∫‚Ä¶",2025-05-27 10:05:42+00:00,0
"üá∫üá¶ –£–∫—Ä–∞—ó–Ω–∞ —Å—Ç–∞–ª–∞ —É—á–∞—Å–Ω–∏—Ü–µ—é –ø–µ—Ä—à–æ—ó —É —Å–≤—ñ—Ç—ñ —é—Ä–∏–¥–∏—á–Ω–æ –∑–æ–±–æ–≤‚Äô—è–∑—É—é—á–æ—ó –º—ñ–∂–Ω–∞—Ä–æ–¥–Ω–æ—ó –∫–æ–Ω–≤–µ–Ω—Ü—ñ—ó –ø—Ä–æ —à—Ç—É—á–Ω–∏–π —ñ–Ω—Ç–µ–ª–µ–∫—Ç!

–ö—Ä—ñ–º —Ç–æ–≥–æ, –∫—Ä–∞—ó–Ω–∞ –≤–ø—Ä–æ–≤–∞–¥–∂—É–≤–∞—Ç–∏–º–µ —Å–∏—Å—Ç–µ–º—É HUDERIA –¥–ª—è –æ—Ü—ñ–Ω–∫–∏ –≤—ñ–¥–ø–æ–≤—ñ–¥–Ω–æ—Å—Ç—ñ —Ç–µ—Ö–Ω–æ–ª–æ–≥—ñ–π –®–Ü –Ω–æ–≤–∏–º –º—ñ–∂–Ω–∞—Ä–æ–¥–Ω–∏–º —Å—Ç–∞–Ω–¥–∞—Ä—Ç–∞–º ‚öñÔ∏èü§ñ

#–®–Ü #AI #–£–∫—Ä–∞—ó–Ω–∞ 

https://t.co/6sXSRY4q4a",2025-05-27 10:02:51+00:00,0
"üá®üá≥–í –ö–∏—Ç–∞—ó –≤—ñ–¥—Ä–µ–∞–≥—É–≤–∞–ª–∏ –Ω–∞ –∑–∞—è–≤—É –≥–æ–ª–æ–≤–∏ —É–∫—Ä–∞—ó–Ω—Å—å–∫–æ—ó –°–ª—É–∂–±–∏ –∑–æ–≤–Ω—ñ—à–Ω—å–æ—ó —Ä–æ–∑–≤—ñ–¥–∫–∏ –ø—Ä–æ –ø–æ—Å—Ç–∞–≤–∫–∏ –≤—ñ–π—Å—å–∫–æ–≤–∏–º –∑–∞–≤–æ–¥–∞–º –†–æ—Å—ñ:

https://t.co/2a6sdP2y7a

#–ö–∏—Ç–∞–π #–†–æ—Å—ñ—è #–£–∫—Ä–∞—ó–Ω–∞ #China #Russia #Ukraine",2025-05-27 09:55:50+00:00,0
